{"cameraMode":{"drawMode":0,"name":"Shaded","section":"Shading Mode"},"sceneLighting":true,"audioPlay":false,"sceneViewState":{"m_AlwaysRefresh":false,"showFog":false,"showSkybox":true,"showFlares":true,"showImageEffects":true,"showParticleSystems":true,"showVisualEffectGraphs":true,"m_FxEnabled":true},"in2DMode":false,"pivot":{"x":-6.105429172515869,"y":0.9705143570899963,"z":-3.9465675354003908},"rotation":{"x":0.23043973743915559,"y":-0.33195334672927859,"z":0.08399549871683121,"w":0.9108023047447205},"size":1.2247449159622193,"orthographic":false}