{"cameraMode":{"drawMode":0,"name":"Shaded","section":"Shading Mode"},"sceneLighting":true,"audioPlay":false,"sceneViewState":{"m_AlwaysRefresh":false,"showFog":false,"showSkybox":true,"showFlares":true,"showImageEffects":true,"showParticleSystems":true,"showVisualEffectGraphs":true,"m_FxEnabled":true},"in2DMode":false,"pivot":{"x":36.337772369384769,"y":16.666305541992189,"z":-3.7457571029663088},"rotation":{"x":0.24555498361587525,"y":-0.5806227922439575,"z":0.1893824189901352,"w":0.7527617812156677},"size":1.2247449159622193,"orthographic":false}